{
  "mean": [
    3836.08642578125,
    651.2422485351562,
    4.8363447189331055,
    36.593719482421875,
    0.0266280397772789,
    51.98773956298828,
    0.019604865461587906,
    7.455417633056641,
    0.80710369348526
  ],
  "std": [
    3185.21875,
    540.9357299804688,
    0.5841670036315918,
    33.42204284667969,
    0.009837368503212929,
    26.57537078857422,
    0.07235884666442871,
    20.578351974487305,
    0.1438038945198059
  ]
}