{
  "mean": [
    7.871493816375732,
    6.0976481437683105,
    4.8363447189331055,
    3.3047852516174316,
    0.0266280397772789,
    51.98773956298828,
    0.019604865461587906,
    7.455417633056641,
    0.80710369348526
  ],
  "std": [
    1.1890978813171387,
    1.1932709217071533,
    0.5841670036315918,
    0.9304643273353577,
    0.009837368503212929,
    26.57537078857422,
    0.07235884666442871,
    20.578351974487305,
    0.1438038945198059
  ],
  "featureNames": [
    "text_length_log",
    "word_count_log",
    "avg_word_length",
    "num_sentences_log",
    "punctuation_density",
    "readability_score",
    "phrase_repetition",
    "sentence_complexity",
    "sentence_diversity"
  ],
  "timestamp": "2025-10-24T04:23:47.999Z"
}