{
  "mean": [
    7.871493816375732,
    6.0976481437683105,
    4.8363447189331055,
    3.3047852516174316,
    0.0266280397772789,
    51.98773956298828,
    0.019604865461587906,
    7.455417633056641,
    0.80710369348526,
    0.19358693063259125,
    0.07931823283433914,
    0.012325515039265156,
    0.018284697085618973,
    0.03481215983629227,
    0.02543206885457039,
    0.07009433954954147,
    0.2363736480474472,
    0.010203901678323746,
    0.16446414589881897,
    0.05110473558306694
  ],
  "std": [
    1.1890978813171387,
    1.1932709217071533,
    0.5841670036315918,
    0.9304643273353577,
    0.009837368503212929,
    26.57537078857422,
    0.07235884666442871,
    20.578351974487305,
    0.1438038945198059,
    0.9412345290184021,
    0.7049678564071655,
    1.128502368927002,
    0.08180420845746994,
    0.12547838687896729,
    0.03485347330570221,
    0.13692212104797363,
    0.1465919464826584,
    0.016901470720767975,
    0.2519659996032715,
    0.06750804930925369
  ],
  "featureNames": [
    "text_length_log",
    "word_count_log",
    "avg_word_length",
    "num_sentences_log",
    "punctuation_density",
    "readability_score",
    "phrase_repetition",
    "sentence_complexity",
    "sentence_diversity",
    "mdash_density",
    "buzzword_density",
    "emoji_density",
    "template_structure_score",
    "short_line_ratio",
    "personal_pronoun_ratio",
    "generic_phrase_density",
    "sentence_structure_repetition",
    "contraction_ratio",
    "uniform_paragraph_ratio",
    "run_on_sentence_ratio"
  ],
  "timestamp": "2025-11-05T00:55:18.431Z"
}