{
  "mean": [
    0.2615140378475189,
    -0.26750707626342773,
    0.9185436367988586,
    0.8401890993118286,
    0.5595564246177673,
    12.304945945739746,
    0.07639390230178833,
    0.031327325850725174,
    0.25790706276893616,
    0.13483454287052155,
    0.7226871252059937,
    0.01522856205701828,
    4.965230941772461,
    0.1324218064546585,
    0.02707771398127079,
    7.871088981628418,
    6.097264289855957,
    3.304398536682129,
    290.4168701171875
  ],
  "std": [
    0.08826489001512527,
    0.16553959250450134,
    0.03581306338310242,
    0.07414694875478745,
    0.15514279901981354,
    4.055042743682861,
    0.08596906065940857,
    0.0786885991692543,
    0.048680249601602554,
    0.25275298953056335,
    0.16710427403450012,
    0.019198250025510788,
    0.5807440280914307,
    0.06443715840578079,
    0.04518888145685196,
    1.189251184463501,
    1.1934314966201782,
    0.930427074432373,
    2774.815673828125
  ],
  "featureNames": [
    "perplexity",
    "burstiness",
    "entropy",
    "lexicalDiversity",
    "typeTokenRatio",
    "vocabularyRichness",
    "bigramRepetition",
    "trigramRepetition",
    "functionWordRatio",
    "punctuationDiversity",
    "starterDiversity",
    "contractionRatio",
    "avgWordLength",
    "coherenceScore",
    "transitionWordRatio",
    "textLength",
    "wordCount",
    "sentenceCount",
    "sentenceLengthVariance"
  ]
}